"T255","T527","T128"
"T195","T525","T1067"
"T1095","T846"
"T859","T438"
"T529","T1072"
"T47","T526"
"T132","T1072","T527","T596"
"T421","T530","T1067"
"T661","T660"
"T254","T527","T128"
"T252","T527","T128"
"T38","T542","T660","T546"
"T37","T526"
"T854","T846"
"T851","T1102","T846"
"T1071","T1072"
"T1077","T1072"
"T1076","T1072"
"T1075","T1072"
"T1074","T1072"
"T50","T49"
"T525","T1067"
"T322","T525","T1067"
"T741","T438"
"T123","T530"
"outside","T132","T593","T308","T1072","T1072","T320","T320","T108","T696","T531","T531","T531","T531","T530","T530","T530","T530","T530","T530","T530","T530","T530","T530","T530","T143","T53","T53","T53","T1067","T1067","T1067","T1067","T1067","T1067","T1067","T1067","T1067","T1067","T1067","T527","T527","T527","T527","T527","T527","T527","T527","T527","T527","T527","T528","T528","T528","T653","T272","T175","T655","T236","T421","T43","T43","T38","T354","T11","T128","T128","T128","T529","T529","T529","T529","T529","T529","T529","T529","T529","T529","T529","T529","T302","T98","T1113","T596","T596","T846","T846","T846","T846","T846","T846","T846","T846","T305","T305","T438","T438","T438","T284","T193","T193"
"T98","T526"
"T636","T1072","T53"
"T107","T43"
"T634","T53"
"T109","T531"
"ROOT","T73","T503","T1144","T593","T308","T1072","T134","T320","T108","T578","T597","T696","T931","T201","T1138","T1106","T574","T530","T566","T544","T1116","T601","T526","T36","T105","T654","T572","T583","T598","T580","T587","T513","T527","T519","T594","T528","T599","T653","T523","T565","T914","T657","T297","T582","T600","T656","T680","T561","T650","T554","T70","T542","T549","T550","T937","T504","T505","T175","T655","T512","T236","T169","T17","T68","T575","T614","T228","T588","T555","T72","T586","T85","T476","T559","T122","T1188","T855","T510","T264","T1100","T927","T589","T43","T595","T1093","T581","T553","T602","T515","T1102","T569","T590","T511","T543","T354","T551","T118","T843","T1128","T576","T11","T500","T128","T773","T663","T516","T74","T659","T1117","T660","T591","T921","T517","T75","T585","T552","T302","T584","T349","T307","T1112","T19","T571","T141","T506","T609","T592","T570","T573","T1113","T596","T658","T69","T12","T568","T736","T556","T66","T548","T293","T558","T183","T159","T305","T577","T546","T557","T163","T71","T560","T567"
"T221","T530","T43"
"T223","T531"
"T164","T530"
"T284","T530"
"T743","T531"
"T144","T320","T38","T660"
"T121","T525","T1067"
"T564","T438"
"T531","T529"
"T143","T530","T1067","T421"
"T142","T1072","T527"
"T1142","T1072"
"T491","T528"
"T193","T527"
"T846","T696"
"T272","T1072","T544"
"T49","T526","T565","T659","T98"
"T48","T526"
"T248","T264"
"T8","T660"
"T65","T527"
"T509","T658"
"T1067","T1072"
"T332","T320"
"T46","T526","T654"
"T45","T659"
"T438","T143"
"T117","T530"
"T507","T526"
"T145","T11"
"T88","T320"
"T541","T657"
"T53","T657","T661"
"T82","T320"
